0.0, 0.0, -8.881784197001252E-16, 4.440892098500626E-16
0.001, -0.011805278406761488, -0.00894434611451178, -0.0051436574447190075
0.002, -0.025287780836109164, -0.012544360257870757, -0.01336765998842493
0.003, -0.038797917038408514, -0.016299300685859386, -0.020537934565779903
0.004, -0.05092360406256091, -0.020248940091534884, -0.026056457745610384
0.005, -0.06225676137548675, -0.024425392657158262, -0.030824286082605123
0.006, -0.07181851531737493, -0.029158138378904574, -0.03465542241195818
0.007, -0.0812097483442713, -0.03430367299617476, -0.03811130046012279
0.008, -0.09034099763163539, -0.03829087489489158, -0.0415646551437443
0.009, -0.09943939375911981, -0.04186216212907201, -0.04475783634229158
0.01, -0.10817829081134533, -0.04493302654183484, -0.04776551392763606
0.011, -0.11715492190724319, -0.04759140500638015, -0.050798518834802575
0.012, -0.12600388407408758, -0.05023013474446092, -0.05363205841275187
0.013, -0.13489183354966627, -0.05184997964247007, -0.05764233096360938
0.014, -0.14336839863459971, -0.05357318541112566, -0.06104954869935808
0.015, -0.1514617484563061, -0.05550032078378653, -0.06392829615249651
0.016, -0.1593783811201135, -0.05727038035546261, -0.06685554044479813
0.017, -0.16697701201574944, -0.05923127563919284, -0.06932022777918645
0.018, -0.1741185909856071, -0.06121025204827024, -0.07163254964732557
0.019, -0.18081937851373908, -0.06326065999797326, -0.0736529308615057
0.02, -0.1865588058948333, -0.06529748512802147, -0.0752329876326665
0.021, -0.19152093569634587, -0.06729495416273412, -0.07652596683052293
0.022, -0.1958501481057624, -0.0692121893141655, -0.07774461084596096
0.023, -0.19964350176760348, -0.07111249095632477, -0.07881062675932027
0.024, -0.20299209142280716, -0.07296646713251054, -0.07976815477837063
0.025, -0.2058971763091506, -0.07467585715500835, -0.0806361587397002
0.026, -0.20855565891066874, -0.07633270822887628, -0.08146709793866291
0.027, -0.21096514635581798, -0.07799295010065865, -0.08222892580864238
0.028, -0.21314625201885207, -0.07965875960820146, -0.08293519441605879
0.029, -0.2151174784401917, -0.08132678015890438, -0.08358868791875507
0.03, -0.2168998631006147, -0.08299516801540197, -0.0841920512746479
0.031, -0.21851378203141536, -0.08466220564429339, -0.0847483888909859
0.032, -0.21997791868192706, -0.08632619657469665, -0.08526113455625461
0.033, -0.22130892053007045, -0.08798557499771764, -0.08573365867339744
0.034, -0.22252117013243122, -0.08963879562053823, -0.08616904260431779
0.035, -0.22362789084274226, -0.09128482235651436, -0.08657018174710585
0.036, -0.22463945090598259, -0.09292207408157882, -0.0869394638313774
0.037, -0.2255658671089975, -0.0945496442956264, -0.08727919163612041
0.038, -0.22641550159048052, -0.09617239622293372, -0.08758660646616034
0.039, -0.2271880830509474, -0.09774893895269887, -0.08791534229800346
0.04, -0.2284067102493026, -0.0992730306455778, -0.08846228967362846
0.041, -0.22927409898546358, -0.10086985695426964, -0.08880333020187647
0.042, -0.22992620314001044, -0.10245442990092446, -0.08904871775082013
0.043, -0.23093847377314347, -0.1039592280572359, -0.08946796503860766
0.044, -0.2315851907319555, -0.10551365551549541, -0.0896854108312719
0.045, -0.23258298972931613, -0.10698645348777891, -0.0900805615522553
0.046, -0.23316839907038656, -0.10859271111353852, -0.09019194924076812
0.047, -0.23337164472091843, -0.11022207369622183, -0.0901404029526911
0.048, -0.23396530500863122, -0.11165100427698693, -0.09037116693500691
0.049, -0.2349155315206346, -0.11306149604812621, -0.09076917395565642
0.05, -0.23539600154416718, -0.11458893467885023, -0.09088236708050301
0.051, -0.23549267128321105, -0.11610019047091757, -0.09084813311714823
0.052, -0.2359822780680929, -0.11747463050630191, -0.0910396959111206
0.053, -0.23680901525009546, -0.11885776813152038, -0.09134646460073226
0.054, -0.23728207407485513, -0.12036347563184879, -0.09142554212401377
0.055, -0.23741055176738968, -0.1218456092200606, -0.09136986661149349
0.056, -0.2379831450621097, -0.12318633916757538, -0.09154889280158995
0.057, -0.23822808045362365, -0.12459842664678522, -0.0915324096642176
0.058, -0.238882188717632, -0.12567672389201423, -0.09179987775483012
0.059, -0.2391193053527516, -0.12678588840572846, -0.09179701217767144
0.06, -0.23976656175344147, -0.12801718605850798, -0.09185853016182177
0.061, -0.23999515297006724, -0.12930445323709083, -0.09169102724113243
0.062, -0.24056219563747305, -0.13040052916493838, -0.091848122084357
0.063, -0.2406886995343811, -0.1316097638853373, -0.09175453690286117
0.064, -0.2411628667753476, -0.13271483563514952, -0.09184611875382087
0.065, -0.24125433953211228, -0.13391874146484728, -0.09171688410748358
0.066, -0.24165069053342592, -0.13499126727364885, -0.09176807005136522
0.067, -0.24237350166043115, -0.13607314294708406, -0.0919281560203653
0.068, -0.2425705172491348, -0.13725145883246004, -0.0918017263714499
0.069, -0.24234979495900433, -0.13838590359319003, -0.09153791257239119
0.07, -0.24249311562198983, -0.13933659110625118, -0.09150310618049629
0.071, -0.2430638849849629, -0.14029953160282194, -0.09162568168726137
0.072, -0.24318769221393666, -0.14137783303533613, -0.09148768678065933
0.073, -0.2436374393169487, -0.14233418741993464, -0.09153449712443473
0.074, -0.24366368473343414, -0.14337958819718555, -0.09135210294128582
0.075, -0.24401889916724429, -0.14428114838767048, -0.09136589216861024
0.076, -0.2439923700522968, -0.1452788867257988, -0.0911703953636187
0.077, -0.24430957426496036, -0.14613635622967625, -0.09117692065429805
0.078, -0.24495338934811883, -0.1469958829929121, -0.09130001824245637
0.079, -0.24509421454940394, -0.14796929606561893, -0.0911392412708163
0.08, -0.24487702174506154, -0.14893054829048058, -0.09085362419163046
0.081, -0.24497055686909164, -0.14967732784600063, -0.09078628263449628
0.082, -0.2455192036550784, -0.15043546925228757, -0.09089193095706305
0.083, -0.2456380831341889, -0.15132155235020495, -0.09074256824894844
0.084, -0.24611461398087187, -0.15208531589927166, -0.09079030254351705
0.085, -0.24617467784993607, -0.1529484286094922, -0.0906093647431585
0.086, -0.24659153130815525, -0.1536642035031841, -0.09063564145709035
0.087, -0.2473525221730597, -0.15438415147421924, -0.09078451811693311
0.088, -0.2475844305862367, -0.15522060463050114, -0.0906365570737786
0.089, -0.24745143848345919, -0.1560384017592833, -0.0903646626789576
0.09, -0.24763660536474674, -0.15663272620351254, -0.0903161181230554
0.091, -0.24828471633122717, -0.15723083690404938, -0.09044865740248254
0.092, -0.24850802659614857, -0.1579725935496592, -0.09031950813334744
0.093, -0.24910425495316701, -0.15858320977707852, -0.09039986308256642
0.094, -0.24928327289015328, -0.15930517518220544, -0.09024397890632896
0.095, -0.24982962444889267, -0.15987041853666373, -0.09030515504396375
0.096, -0.24999216772015131, -0.160550493085716, -0.09014778057812789
0.097, -0.2505430035750038, -0.16107278749881093, -0.09021578428298183
0.098, -0.25150107059193516, -0.16161227848555004, -0.09042548488970636
0.099, -0.2519077520866304, -0.1622837976690059, -0.09032001962033531
0.1, -0.2519302168413873, -0.16293846837184223, -0.09008294277030826
0.101, -0.2521544702634628, -0.1636650552313066, -0.08988116326505446
0.102, -0.25269366765423484, -0.1647936682547746, -0.08965777180771495
0.103, -0.25262580470685236, -0.16650567267687766, -0.08897178596662725
0.104, -0.25274928695125, -0.1685081123604144, -0.08832091905119155
0.105, -0.24841117812539437, -0.18016749735887405, -0.08286879746449882
0.106, -0.24265568148678085, -0.19520256862164675, -0.07724093819150069
0.107, -0.23656787933459356, -0.20944856679351975, -0.07349594235475321
0.108, -0.2308305168115723, -0.2187352435481822, -0.07489029966281846
0.109, -0.22483110546581742, -0.22825908995133748, -0.07632606925703511
0.11, -0.21888073840503353, -0.23850200242487407, -0.07729324837286766
0.111, -0.2129485904064765, -0.24954617902351206, -0.07768627473045298
0.112, -0.20694835723912064, -0.2612352691008022, -0.07789508181275506
0.113, -0.2008849686086407, -0.27281178810690765, -0.0783268139535731
0.114, -0.19608589087471273, -0.27865789032126376, -0.08135063208947413
0.115, -0.19088677076079819, -0.28606751394963315, -0.08208901101978894
0.116, -0.1864625194022267, -0.2910875890703659, -0.08553924267626156
0.117, -0.18210952903426403, -0.2957429596518333, -0.08893929563201608
0.118, -0.17785645886340973, -0.3002055111302875, -0.09228058263977301
0.119, -0.17366116278501664, -0.30479180595788424, -0.09541437310839695
0.12, -0.16953449203050042, -0.30953519131937757, -0.09837936564098682
0.121, -0.16535763105436985, -0.31433951341119215, -0.10104541857867799
0.122, -0.16139181588672358, -0.31911459836777656, -0.10365758736985908
0.123, -0.15808708733393217, -0.3238648492650009, -0.10630827747645766
0.124, -0.15528488776694616, -0.3281755532800412, -0.10904775484726015
0.125, -0.15285877153495875, -0.3322494248652257, -0.11151857323936509
0.126, -0.1510035583340894, -0.3362779419617832, -0.11434749163316793
0.127, -0.14941527900172247, -0.3401173050357551, -0.11726110468774875
0.128, -0.1479469144084291, -0.3439659591271189, -0.12011008854275174
0.129, -0.14627559242770616, -0.34765235944707573, -0.12283515594882699
0.13, -0.1443681324497561, -0.351338848780153, -0.12551519217681983
0.131, -0.1423892669440221, -0.3548468785131016, -0.12824194170978087
0.132, -0.14034245908640486, -0.35815525765043166, -0.13097984606659407
0.133, -0.13834369910701838, -0.3614385886166014, -0.13363097633020216
0.134, -0.13640352728846494, -0.36468153829000816, -0.1362431139388458
0.135, -0.13451344751126015, -0.36788324211154677, -0.13881916135218786
0.136, -0.13255740430615504, -0.37099335581745496, -0.14129846405612012
0.137, -0.13089190198972744, -0.3740631422979712, -0.1437761292723958
0.138, -0.12945990325228252, -0.3771203736003068, -0.146250058690931
0.139, -0.12817225380229758, -0.380153502799339, -0.1487151924483423
0.14, -0.1270229533743077, -0.3830418287529236, -0.15105416156151774
0.141, -0.1258424820626729, -0.3858992611309384, -0.15340233618866916
0.142, -0.12467960286861057, -0.38874920036995864, -0.1557280649579691
0.143, -0.12359534656272331, -0.3916020297926943, -0.15805058416901785
0.144, -0.12265623737040698, -0.3942949466943455, -0.1603165514974232
0.145, -0.12165047524476336, -0.3970565962249859, -0.16254281671031334
0.146, -0.12073981700621061, -0.39965486724983723, -0.1647265774232305
0.147, -0.11982120158811682, -0.40217901576016946, -0.16681354314024288
0.148, -0.1188818327915726, -0.4046568632393255, -0.16884636762000538
0.149, -0.11786200011093939, -0.4072553208358025, -0.17091824371011155
0.15, -0.1169673981191437, -0.4097520037873261, -0.17297695962536563
0.151, -0.11612547527792572, -0.4121956624730112, -0.17501992733738758
0.152, -0.11513874386604783, -0.41476981836839943, -0.17707071104402372
0.153, -0.11426220284905497, -0.41721380970810973, -0.179132769121217
0.154, -0.11341497870065353, -0.4196228625381133, -0.18116023708640183
0.155, -0.11257213499621344, -0.422015269398913, -0.18316635105413992
0.156, -0.11171891232608289, -0.4243937586357669, -0.18515160464836056
0.157, -0.11083807326828321, -0.42675935219449546, -0.1871162602715155
0.158, -0.10995248716072581, -0.4291167863240881, -0.18907253711267158
0.159, -0.1090302427890677, -0.4314644357518853, -0.19101351268556455
0.16, -0.10807581990960813, -0.43378061401138357, -0.19295220159732152
0.161, -0.10710989085361433, -0.4360964336209827, -0.19488193182963398
0.162, -0.10610355539544258, -0.4384051585941089, -0.19680352047587446
0.163, -0.10509232601476981, -0.44071852579188064, -0.19872625856749648
0.164, -0.10404143681410005, -0.443030875791373, -0.20064159248916935
0.165, -0.10295790779076697, -0.44534381508652476, -0.20255317147028462
0.166, -0.10189918368264728, -0.4476664865244837, -0.20447687312186202
0.167, -0.10085432346594558, -0.4500000890800502, -0.20641029233865238
0.168, -0.09988006638653246, -0.4523498546476583, -0.2083685866103262
0.169, -0.09898571255023114, -0.4547197773587266, -0.21035102512512038
0.17, -0.09815564414450506, -0.4571055106123234, -0.21235187583087578
0.171, -0.09743856818301566, -0.4594978920289572, -0.21438103874211079
0.172, -0.09675965325452296, -0.46189900727012034, -0.21641580161463692
0.173, -0.09609090401654186, -0.46430443638216534, -0.21845175537950423
0.174, -0.09542222424441604, -0.4667125425042409, -0.2204877672900376
0.175, -0.09475909010330952, -0.4691245683536289, -0.22252633625487972
0.176, -0.09411086007877856, -0.4715207466721134, -0.2245806947155411
0.177, -0.09346517915574282, -0.4739145874659565, -0.22663480849788398
0.178, -0.09282233544486473, -0.4762996534405426, -0.22869437847696572
0.179, -0.09218206187749445, -0.47868484724308846, -0.2307537880356061
0.18, -0.09154259517394792, -0.4810721844808734, -0.23281385235253493
0.181, -0.09090433445019386, -0.48346310447358665, -0.23487597133193772
0.182, -0.09027449745130411, -0.485840871107059, -0.2369575098845611
0.183, -0.0896478406939778, -0.4882240749137887, -0.2390405735466241
0.184, -0.08904184978712237, -0.4906184427757063, -0.24113200060069984
0.185, -0.08843649359720729, -0.49301016165540634, -0.2432308801699743
0.186, -0.08783363495167862, -0.49540714552233656, -0.24533363252968554
0.187, -0.08723022928092661, -0.49779092611947195, -0.24744726886269275
0.188, -0.08662572000030622, -0.5001697276597392, -0.24956662193896006
0.189, -0.08602471881881257, -0.502555075715919, -0.2516893762995873
0.19, -0.0854284108720762, -0.5049468647697077, -0.25381891971866777
0.191, -0.08483595730528037, -0.5073473847031034, -0.2559550917754261
0.192, -0.08424818565967485, -0.5097572807509829, -0.258099022050025
0.193, -0.08350782639224974, -0.5119781073862137, -0.26002943508932885
0.194, -0.08279500831561393, -0.5141314517488391, -0.26193082790952316
0.195, -0.08231584751244725, -0.5164863448237478, -0.26405662216866643
0.196, -0.08186807717357425, -0.518905318138871, -0.2662386114192823
0.197, -0.08122497419333996, -0.5211210791125973, -0.2682308225803136
0.198, -0.0805632539304213, -0.5232841840097828, -0.2701814306535293
0.199, -0.07993651099329213, -0.5254429839851165, -0.2721435634409768
0.2, -0.07951928753661974, -0.5278851032410836, -0.27431515552551344
0.201, -0.07895539105264504, -0.5301620484864538, -0.2763756089227978
0.202, -0.0783796291583343, -0.532404563276736, -0.2784200901095839
0.203, -0.077832688342923, -0.534654686043873, -0.2804818762481527
0.204, -0.07731640355284242, -0.536912789151871, -0.2825718534790904
0.205, -0.07682060234425592, -0.539197234256684, -0.28468034182116453
0.206, -0.07634193795742306, -0.5415132462231336, -0.286808808949615
0.207, -0.0758896739726751, -0.5438570942390024, -0.28896354528519863
0.208, -0.0754506957772918, -0.5462319559124902, -0.29113978426856546
0.209, -0.0750213420686876, -0.5486366596454468, -0.2933393887091138
0.21, -0.07459829712743016, -0.5510254531113796, -0.2955444274016865
0.211, -0.07418930560666581, -0.553429759561447, -0.2977626487888396
0.212, -0.07379417849600856, -0.555858887801457, -0.300002449476096
0.213, -0.07343206168950189, -0.5582525888839891, -0.30224154857614804
0.214, -0.07308946904105085, -0.5606501132434838, -0.30448702194037436
0.215, -0.07276047987505052, -0.5630697828624571, -0.30675464455101276
0.216, -0.07238461226945958, -0.5654251862233304, -0.3089814148236054
0.217, -0.07200750825079183, -0.5677838782930786, -0.31120544680759776
0.218, -0.07163501912677361, -0.5701796305326292, -0.31345757241152183
0.219, -0.07126956359281422, -0.5726125628691117, -0.3157423434624671
0.22, -0.0709121316439365, -0.5750839397586853, -0.3180618981632217
0.221, -0.07055931786430136, -0.5775936975169609, -0.3204159685943888
0.222, -0.07022383348076033, -0.5801362510085477, -0.3228060495276277
0.223, -0.06989633924643357, -0.5827143550411984, -0.32522844403852913
0.224, -0.06956612579634225, -0.5853256723728189, -0.327681945719291
0.225, -0.06923768935787677, -0.5879715278461157, -0.33016879958367396
0.226, -0.06891805664769635, -0.5906539031418072, -0.3326914642642502
0.227, -0.06859322270663881, -0.5933707172266205, -0.3352462779239853
0.228, -0.06825192402518354, -0.5961164293656731, -0.33782975684861993
0.229, -0.06791466821097458, -0.5988998164757229, -0.3404489256009877
0.23, -0.06759476061129988, -0.6017224217149755, -0.3431073592711793
0.231, -0.0672816417983313, -0.6045799752723591, -0.34580127659714277
0.232, -0.06694715972921728, -0.6074577531999887, -0.3485300116044523
0.233, -0.06663034195836559, -0.6103799907432554, -0.351298928772692
0.234, -0.06633753907324547, -0.6133428156418868, -0.35411361481403913
0.235, -0.0660221218934538, -0.6162877525599137, -0.35690493141731805
0.236, -0.06564587313869197, -0.6192727647456602, -0.35970370741121327
0.237, -0.0652051389911037, -0.6222887185028734, -0.36251302891015014
0.238, -0.06470880083052322, -0.6253154426531049, -0.36532626531983636
0.239, -0.06422941068316845, -0.6283704944944271, -0.36817448229851335
0.24, -0.06378672254950146, -0.6314283823331701, -0.37107412812775165
0.241, -0.06337822515222058, -0.634524151657673, -0.37400637793565705
0.242, -0.06300813361487201, -0.6376460477845862, -0.37696622195708995
0.243, -0.06272652935405176, -0.6408046931843083, -0.37997769632137546
0.244, -0.06244568301008968, -0.6439510094039997, -0.3830044940357804
0.245, -0.062145550905576386, -0.6470474851725792, -0.38603115721115655
0.246, -0.061843668719866685, -0.6501461348441717, -0.3890537271277732
0.247, -0.06153612080159121, -0.6532507060743749, -0.3920826836460942
0.248, -0.061231631415793686, -0.6563511359573306, -0.3951290093578659
0.249, -0.06090718441862464, -0.6594353251165908, -0.39818062187098446
0.25, -0.06058395615123402, -0.6625279102774551, -0.40123938511483415
0.251, -0.06027861117632227, -0.6656224597801819, -0.4042949861324696
0.252, -0.05999419849776899, -0.6687253279995256, -0.40736116593460947
0.253, -0.05973980291268077, -0.6718417869160627, -0.41044268192093325
0.254, -0.059521157217531595, -0.6749747687793866, -0.41354271728346204
0.255, -0.05932767323146493, -0.6781233651644891, -0.41665911960238544
0.256, -0.05920220131169174, -0.6812946585753119, -0.4198047451554383
0.257, -0.05914158674998049, -0.6845200096429247, -0.42301994535197407
0.258, -0.059106609011379874, -0.6877818732996852, -0.42627341739049696
0.259, -0.059107894804462546, -0.6910661772993132, -0.4295589591081135
0.26, -0.059152210750191614, -0.6943730307110778, -0.4328698211132571
0.261, -0.05927086341501564, -0.6977011990261355, -0.43622956567777704
0.262, -0.05947607165348501, -0.7010283155147841, -0.43961292666420304
0.263, -0.05975302048083364, -0.7043546296263736, -0.44301691500999096
0.264, -0.06009576198815836, -0.7076918672414516, -0.4464407658921625
0.265, -0.060492130728910354, -0.7110436504934237, -0.44988193580589053
0.266, -0.06095236851474084, -0.714397190535558, -0.4533440912889257
0.267, -0.061452840050876034, -0.717753637252529, -0.45682665278939494
0.268, -0.06198313217345941, -0.721104989724993, -0.460316252605224
0.269, -0.06250074800490069, -0.7244245048811431, -0.46378282620788225
0.27, -0.06302852758729927, -0.7277690178652998, -0.4672693519151845
0.271, -0.06356336512424576, -0.7311248019501599, -0.4707886168475208
0.272, -0.06411520575268526, -0.7345092024966258, -0.47433589032770085
0.273, -0.06469306597883673, -0.7379249631834819, -0.4779153159551721
0.274, -0.06523495329084739, -0.7412928116691484, -0.48145647289289384
0.275, -0.06577130073278425, -0.7446619310170002, -0.4849900933275104
0.276, -0.06632728451005221, -0.748042133785547, -0.4885346232045502
0.277, -0.06694489239217916, -0.75151716042408, -0.49220234301934296
0.278, -0.06757422106484512, -0.7550278113436955, -0.4958993945031831
0.279, -0.0682058665030425, -0.7585545321585991, -0.49961217674441327
0.28, -0.068812670443954, -0.7620877078875532, -0.5033194529944605
0.281, -0.06936342507982118, -0.7655867657203013, -0.5069998476094777
0.282, -0.06988508121093417, -0.7690790356712549, -0.5106673291479207
0.283, -0.07039395606479815, -0.7725760700675943, -0.5143350073782922
0.284, -0.07087567958113539, -0.776078909118092, -0.5180038102782372
0.285, -0.07134335505518408, -0.7795927541356855, -0.5216806481931751
0.286, -0.07180085994679786, -0.7831198024949879, -0.5253686956392438
0.287, -0.07228790327086188, -0.7866386336827782, -0.5290525662603964
0.288, -0.07281419954191648, -0.7901339134497656, -0.5327246240705388
0.289, -0.07331202060042585, -0.7935799738642908, -0.5363662712191934
0.29, -0.07375397842385212, -0.7970539925702704, -0.5400184191896282
0.291, -0.07418065530195861, -0.8004304873942809, -0.5435860669727286
0.292, -0.07460368423024732, -0.8037823697798254, -0.5471305727724238
0.293, -0.07502156868112309, -0.8071429987950021, -0.5506807435508558
0.294, -0.07541895097459417, -0.8105257804913331, -0.5542489640157835
0.295, -0.07581492029328274, -0.8139404959433358, -0.5578476967528156
0.296, -0.0763079989136628, -0.8174895206483379, -0.5615603959465925
0.297, -0.07702867351896714, -0.8213013278086274, -0.5655311235897496
0.298, -0.07779883522820796, -0.8251843166148385, -0.5695968369351685
0.299, -0.07838686746944035, -0.8289655607256003, -0.5735871236699732
0.3, -0.07882586162143213, -0.8326948457785983, -0.5775173134872271
0.301, -0.07909972103306728, -0.8363865919487532, -0.5813999554352018
0.302, -0.07880468875367086, -0.8396738432896109, -0.5848823168245469
0.303, -0.07836503525120264, -0.8428678297133425, -0.5882547624534449
0.304, -0.07838395822054167, -0.8464758926979465, -0.5920117740070618
0.305, -0.07812403340162177, -0.8499089406537488, -0.5956279661644781
0.306, -0.07780248860735384, -0.8533139142789361, -0.599218316066398
0.307, -0.07746570253996055, -0.8567277814180878, -0.6028301062132182
0.308, -0.07717115216333781, -0.8602869731467644, -0.6065834925738538
0.309, -0.07689021837764187, -0.8639305538788102, -0.6104194843541957
0.31, -0.07659585923299517, -0.8676272681608248, -0.6143209700212036
0.311, -0.07628563491615381, -0.8713679025364423, -0.618266939995642
0.312, -0.07571020288841623, -0.8751434829251474, -0.6222096700766424
0.313, -0.07502013957410014, -0.8790039376977825, -0.6262271396021997
0.314, -0.07430255027973232, -0.8829115666163725, -0.630311175904509
0.315, -0.07398114993271321, -0.8872074210140406, -0.6347622127860499
0.316, -0.07372953601506538, -0.8915825200115828, -0.6393073303923056
0.317, -0.07345606134197169, -0.8960579278870009, -0.6439160008968865
0.318, -0.07303209218904527, -0.9004946776226754, -0.6485129228473805
0.319, -0.07236305368294893, -0.9048218662226484, -0.6530219992775055
0.32, -0.07155985783069241, -0.9091185645074882, -0.6574652127242397
0.321, -0.07065872824607311, -0.91340076250333, -0.6619176243805849
0.322, -0.0696847684425137, -0.9176936938171787, -0.6663738626292353
0.323, -0.06862909858167399, -0.9218852175120427, -0.6708081551852909
0.324, -0.06752997623433998, -0.9260253917435088, -0.6752038602784505
0.325, -0.06639880741247595, -0.9301434963405635, -0.6795927997205307
0.326, -0.06532830691492109, -0.9342563437408566, -0.6839497646597006
0.327, -0.06498483070238592, -0.9394299484013198, -0.6893963786515651
0.328, -0.06475959078112936, -0.9448965969451075, -0.6952460643560481
0.329, -0.06438278132699082, -0.9504119195643961, -0.7011494929448072
0.33, -0.0638151550867434, -0.9557952423724609, -0.706909264933024
0.331, -0.06304954547881181, -0.9610759138415128, -0.7125478548073683
0.332, -0.06206133311210493, -0.9661795001688995, -0.7180117075703474
0.333, -0.060911735870782024, -0.9712061197842141, -0.7233585342816862
0.334, -0.05967730593172149, -0.9761862147986244, -0.7286622834642098
0.335, -0.05836145324223452, -0.981129011045085, -0.7339192315657779
0.336, -0.056957761109117655, -0.9860489101832721, -0.7391388462665769
0.337, -0.055471800669899096, -0.9909547484030066, -0.7443342144717202
0.338, -0.053916602998178575, -0.9958530699684482, -0.7495155063407988
0.339, -0.05333189166087493, -1.0013441183788325, -0.7552096338072185
0.34, -0.05279504538757607, -1.0068403432625823, -0.7608609133733988
0.341, -0.05207009368413651, -1.0122391986725328, -0.7664268837326271
0.342, -0.05110831727048293, -1.0174891654408933, -0.7719035775782142
0.343, -0.049917079633921446, -1.0226522310437582, -0.7772954656651119
0.344, -0.04852513748249976, -1.0277540015941335, -0.78262614486168
0.345, -0.04692839131694626, -1.0328324535723405, -0.787907273661403
0.346, -0.04516352395784651, -1.0378888402265227, -0.7931597822013283
0.347, -0.043241637776674224, -1.0429207386473047, -0.798418191841598
0.348, -0.041208204520962965, -1.0479493306042906, -0.8036821471685935
0.349, -0.03913060939224522, -1.0530696290695767, -0.8089941577200146
0.35, -0.03682845940507917, -1.0582066367466973, -0.8143100121922298
0.351, -0.03441613094243934, -1.0633308561303574, -0.8196593402507584
0.352, -0.03264106654182086, -1.0688200576390097, -0.8255958231663807
0.353, -0.030356584549124932, -1.0739858701023985, -0.8311027025758757
0.354, -0.027847902646087164, -1.079121970582734, -0.8365629669426577
0.355, -0.025174226509712128, -1.0842062553341174, -0.8419264971303089
0.356, -0.022319549305713338, -1.0891759751075236, -0.8472037616544905
0.357, -0.019432164920544892, -1.094149925110103, -0.852478592004196
0.358, -0.016484161657679408, -1.099139895134706, -0.8577757345098216
0.359, -0.013534697168161358, -1.1041646141051524, -0.8630908161472486
0.36, -0.010550683084474599, -1.1091769216504241, -0.8684456661346682
0.361, -0.007551655391509371, -1.1142185977165804, -0.8738289988141115
0.362, -0.004487070203794019, -1.1192656745901113, -0.8792563788144387
0.363, -0.0014177832404840274, -1.124351795791143, -0.8846829601794322
0.364, 0.001704709568869589, -1.1293632295705942, -0.89010041253843
0.365, 0.004838236767504611, -1.1343688796891493, -0.8955609889106095
0.366, 0.007995248118845666, -1.13940709874666, -0.9010502665859614
0.367, 0.01118689090284164, -1.1444801343698296, -0.9065711340160187
0.368, 0.014408844920559716, -1.1495930044944709, -0.912123038571266
0.369, 0.017621172083543968, -1.1547542532930075, -0.917747680912242
0.37, 0.02045563350818469, -1.16050892314128, -0.923924277987076
0.371, 0.02328393700263831, -1.1664327253686944, -0.9302914175965706
0.372, 0.02621016339560356, -1.1723952059014744, -0.9366838196914524
0.373, 0.02921490060059284, -1.1783635058283233, -0.9430858023938877
0.374, 0.032265296303357616, -1.1844302979989516, -0.949599592573001
0.375, 0.03527851922223846, -1.1905161946381648, -0.9560806909197335
0.376, 0.0383305180501452, -1.1965491175998944, -0.96249690057796
0.377, 0.04143959277451614, -1.20262426914426, -0.9688979968623666
0.378, 0.044542016474139245, -1.2086976130457723, -0.9753018130509044
0.379, 0.04770725518111618, -1.2147536544432578, -0.9816772186217615
0.38, 0.050936584005668806, -1.220783083940213, -0.9880152743137027
0.381, 0.05417617906086747, -1.2267625562149727, -0.9943203009061743
0.382, 0.05749188744531608, -1.2327392378454585, -1.0005862309339757
0.383, 0.06087672962195967, -1.2385913269879305, -1.0067414851804197
0.384, 0.06426567137862094, -1.2443811209381161, -1.012894148534421
0.385, 0.06797620216464395, -1.250100052446819, -1.0189327435650521
0.386, 0.07180064714099643, -1.2559309912080332, -1.0250986105919746
0.387, 0.07555346755255243, -1.261771388171014, -1.0312660001908323
0.388, 0.07960665358393726, -1.267512949352004, -1.0373670312052208
0.389, 0.08336843035440467, -1.273267755328214, -1.043296957008479
0.39, 0.08702631156331364, -1.2790277860185464, -1.0493073790565357
0.391, 0.09081257541930654, -1.2845391599015494, -1.0550334871498772
0.392, 0.09455849895315538, -1.289987587789505, -1.0608432542403032
0.393, 0.10012746486901136, -1.2941535515110667, -1.0656446670857131
0.394, 0.10670403063461009, -1.297924690611283, -1.0699985273739112
0.395, 0.11353923939444854, -1.3016556695094303, -1.074274119120275
0.396, 0.12002451515003543, -1.3055439336212027, -1.0787643746848157
0.397, 0.12626613647706364, -1.3096021282553503, -1.08339529180197
0.398, 0.13238916566384518, -1.3137880907309176, -1.0881191281925662
0.399, 0.1382615178575506, -1.3180867786322645, -1.093043211935807
0.4, 0.1439983586382212, -1.3225145187727572, -1.0980526638812047
0.401, 0.14950852424617977, -1.3270828854287453, -1.1031804347833751
0.402, 0.15491092376640125, -1.3317423417903465, -1.108368627097263
0.403, 0.1604869200827821, -1.3364879952585733, -1.1136075699319998
0.404, 0.1661245687668398, -1.3412701242985685, -1.1189534673261075
0.405, 0.17211673178429265, -1.346164885392242, -1.1243464200233286
0.406, 0.178380895153758, -1.3510012787552421, -1.1297928899944973
0.407, 0.18432287485702403, -1.356137707071242, -1.1355455725756722
0.408, 0.19035755180205172, -1.3611355761474906, -1.1411817210875763
0.409, 0.19679875734333763, -1.3660222544196126, -1.146694095797336
0.41, 0.2029970674209025, -1.3715591098834645, -1.1529263022370908
0.411, 0.20814930970358603, -1.378806366351875, -1.160945949951667
0.412, 0.21132813085993263, -1.3896640860023135, -1.1727162438364682
0.413, 0.20986331479485898, -1.409224777307089, -1.1935453853026128
0.414, 0.19351893156174782, -1.4543028716715236, -1.2413120154384454
0.415, 0.14938760482483104, -1.5480048490137372, -1.3416194699030366
0.416, 0.1579563120251848, -1.5778725025502718, -1.3617949120737474
0.417, 0.18493162424835674, -1.569263705638627, -1.3471074708139876
0.418, 0.20921256991714188, -1.5576197900752087, -1.335159572609704
0.419, 0.22861057227787995, -1.5523040902154444, -1.3323116555694194
0.42, 0.24352582359482255, -1.5528592564879427, -1.3351342138443836
0.421, 0.2567695034570079, -1.5543005758294663, -1.3382860593629924
0.422, 0.27000201488741027, -1.5539028857781227, -1.3395344797941386
0.423, 0.283404778900497, -1.5519500027142579, -1.3392294674375047
0.424, 0.29609094883493015, -1.54964231215589, -1.3387215661581204
0.425, 0.307885122442876, -1.5472936442556326, -1.3384448551473151
0.426, 0.3191733650976474, -1.5448735214530425, -1.3381362394006113
0.427, 0.33027056248631226, -1.5419529959521805, -1.3375468202129208
0.428, 0.3392579832487215, -1.5395818837115849, -1.337229974257617
0.429, 0.3465154817110232, -1.5367396535236404, -1.3363969588605111
0.43, 0.3530934271869697, -1.5331112735013415, -1.334721476941993
0.431, 0.359059699195889, -1.5292683178227913, -1.3326086083480173
0.432, 0.36486523150905725, -1.5250300248928434, -1.330432985965302
0.433, 0.36912677112539427, -1.5215333649754976, -1.32815308368211
0.434, 0.3737152264647321, -1.5167199253720876, -1.3255147389912447
0.435, 0.37815974023774146, -1.511445590589589, -1.322322790126456
0.436, 0.38543452210930695, -1.5044783370042518, -1.3183554996858216
0.437, 0.3902374036133054, -1.4985397879558997, -1.3158679681366006
0.438, 0.39455406059432363, -1.492441997691274, -1.3128746943778533
0.439, 0.3986949354064677, -1.485918260424989, -1.3092972144047432
0.44, 0.4026922321840729, -1.4792678354142845, -1.3056098370526779
0.441, 0.40628198278467664, -1.4725655582102712, -1.3018247114349388
0.442, 0.40935582940249304, -1.465734398940925, -1.2979137846482156
0.443, 0.4123754051614412, -1.458583600020817, -1.293702452526602
0.444, 0.41586413378719556, -1.4506167948388944, -1.288863924778418
0.445, 0.41876771358612785, -1.4427878163381829, -1.2840164405590282
0.446, 0.4225111591915294, -1.4342036371127813, -1.2786627236613337
0.447, 0.42651389227021497, -1.42535498598079, -1.2733568004190512
0.448, 0.43009385111071907, -1.4166411926130005, -1.268325185775232
0.449, 0.4334641060416615, -1.4077711145489937, -1.2631410176842262
0.45, 0.4367007850680409, -1.3985230030347262, -1.2576305687254812
0.451, 0.43986110362804, -1.3887282326134036, -1.2516325633171301
0.452, 0.44258000742039627, -1.3786206427677294, -1.2455021981924541
0.453, 0.4450474639443698, -1.368141131023891, -1.2389246530824702
0.454, 0.44746989075979826, -1.357174181408788, -1.2319314870499691
0.455, 0.45054570514871983, -1.3452340217671415, -1.2238745183972308
0.456, 0.4532949729600304, -1.3332870399368568, -1.2162055676225587
0.457, 0.4584197608389573, -1.3357260513475504, -1.2170722056505663
0.458, 0.4621074867409263, -1.3334361371561565, -1.2151295448406922
0.459, 0.4649460225278901, -1.3303343020148057, -1.2125318472525843
0.46, 0.4669403647912347, -1.3283216705770124, -1.2107439490335348
0.461, 0.4685285631192997, -1.326846653637042, -1.2096157040402882
0.462, 0.47009319594802434, -1.32547789853328, -1.208519661943043
0.463, 0.47158480370159594, -1.3241760074321869, -1.20730018581235
0.464, 0.47278700220232395, -1.3228162235584557, -1.2060659620406748
0.465, 0.47380050459682366, -1.3212830470593753, -1.204658919006881
0.466, 0.47465050296806766, -1.319419939799901, -1.2031060089175507
0.467, 0.47528978597939187, -1.31764013439581, -1.2013934287519414
0.468, 0.47567528130888803, -1.3156963794016798, -1.1996489014480214
0.469, 0.475892440220818, -1.3135776330028301, -1.1977602978087414
0.47, 0.4759169322910495, -1.3115608799106804, -1.195742264159136
0.471, 0.475723867415077, -1.30940575853029, -1.19351178719436
0.472, 0.47529568272710065, -1.307105599468927, -1.1910501058585647
0.473, 0.4748504921204244, -1.3043098146200274, -1.1880934227449127
0.474, 0.4741522997761862, -1.301433020044251, -1.1850382127369623
0.475, 0.47315894370636613, -1.298640000136552, -1.181990133885399
0.476, 0.47192206411136084, -1.2958394900030763, -1.1788841643454613
0.477, 0.47048610417763115, -1.2930107021128814, -1.1756992187438295
0.478, 0.46887417890305016, -1.290141134803279, -1.172443460797623
0.479, 0.46713982986325675, -1.2871671470536876, -1.1690689845529998
0.48, 0.4652473477443948, -1.2840786190465332, -1.1655462807675145
0.481, 0.46324960686022365, -1.2810101129371612, -1.1621187291088328
0.482, 0.46100377658524394, -1.2778049841900065, -1.1584414685938706
0.483, 0.45870631386041794, -1.2742791871530068, -1.1544132262055125
0.484, 0.45630955908678317, -1.2704636972226178, -1.1500960385141847
0.485, 0.45386318282392324, -1.2664857421127431, -1.145640134770829
0.486, 0.4513839036275158, -1.26228542908573, -1.1409630675357927
0.487, 0.4489568174451648, -1.2575822056421382, -1.135792112277286
0.488, 0.44671645260006443, -1.2520390529165732, -1.1297774543827042
0.489, 0.4443867800159964, -1.2455199677677777, -1.1227222826511034
0.49, 0.44196272703933204, -1.2380224175088452, -1.114718711728322
0.491, 0.4396509558727004, -1.2287072808667157, -1.104840373811498
0.492, 0.4377139563972179, -1.2159739292664336, -1.0914804159799796
0.493, 0.43644670471259417, -1.1968723977581215, -1.071626634841905
0.494, 0.43533743770000655, -1.1657872385056942, -1.0394969913810566
0.495, 0.43572061241072646, -1.1116786101369494, -0.9849716220162175
0.496, 0.42906988645434296, -1.0597621840740397, -0.9321134720298754
0.497, 0.4180991375162435, -1.010787865529701, -0.8798553870536163
0.498, 0.404661948266984, -0.9644719390652279, -0.8282947760565942
0.499, 0.3904374686253007, -0.9192830611132559, -0.7778902627942439
0.5, 0.37611422722633137, -0.8758050181215404, -0.729234134589404
0.501, 0.3631441768339343, -0.831925803512541, -0.6818140576299849
0.502, 0.3514307572711246, -0.7881567879882718, -0.6343005995991571
0.503, 0.3403734019227258, -0.7451658009784632, -0.5885201653740064
0.504, 0.32317918705660276, -0.7210694382300185, -0.5612203878670239
0.505, 0.31109954444416843, -0.6997331896078842, -0.5361083932409225
0.506, 0.30213423731599676, -0.6788079077163127, -0.5120206332178934
0.507, 0.29455819779166603, -0.658091863976801, -0.4886592504826619
0.508, 0.2877746586829062, -0.6377635828792672, -0.4659830132033558
0.509, 0.2814619467154742, -0.6177915438168222, -0.44377013019477785
0.51, 0.2755761450982206, -0.5979438342218453, -0.4218420376686107
0.511, 0.27031936908112897, -0.5779739642194253, -0.4002310924879775
0.512, 0.2653040134390352, -0.5582766124121514, -0.3792391312356638
0.513, 0.26029157989479046, -0.5391385222866711, -0.3584400691185077
0.514, 0.2559961155039332, -0.5193041419823539, -0.33771357050971984
0.515, 0.25176954993293776, -0.4998756249828995, -0.31760827514455015
0.516, 0.24744377586322486, -0.4809571584052472, -0.29792890167275443
0.517, 0.24325636290495822, -0.4624213337506484, -0.2786433542934499
0.518, 0.23916765527102513, -0.4442808533109508, -0.25972696547716323
0.519, 0.23504840491266066, -0.4266395576355615, -0.24135060652439888
0.52, 0.23059924833362544, -0.40962475554462774, -0.2233797616570068
0.521, 0.22602501497783578, -0.39310230924194745, -0.2057908555525496
0.522, 0.2216118154944624, -0.3766106474675448, -0.1884587305804355
0.523, 0.2170135928957322, -0.3606007494490564, -0.17172056755722975
0.524, 0.21244490229877044, -0.34506793754320686, -0.1555769768992401
0.525, 0.20790133248419806, -0.3301238861216129, -0.14021762101822288
0.526, 0.20319935281423795, -0.31599415765421046, -0.12549388918866056
0.527, 0.19809453135250266, -0.3026850375961283, -0.11148507241324479
0.528, 0.19282374799163904, -0.2903307141156839, -0.09842074808268775
0.529, 0.18735257479194445, -0.2796207422318284, -0.0871632345059079
0.53, 0.1815301849228277, -0.270107696630455, -0.07721364767639427
0.531, 0.1757197636564385, -0.2619755157701684, -0.06876495383951164
0.532, 0.1698554716486953, -0.2551428503781148, -0.061839481770561644
0.533, 0.1643312282096403, -0.24936639991241183, -0.05588354412318308
0.534, 0.15870752052598647, -0.2438792481264409, -0.05021246702144522
0.535, 0.1530536251964847, -0.2387557468727488, -0.04483380875462428
0.536, 0.14729540467997282, -0.23372048122095013, -0.03958570040915488
0.537, 0.14128369645807481, -0.22891879672457183, -0.034464664250151156
0.538, 0.13535471262287047, -0.22422904736268467, -0.029525914720039292
0.539, 0.12878022065282124, -0.21946275465053677, -0.024463236819421308
0.54, 0.12170457412357649, -0.21463955412350177, -0.01936596139617519
0.541, 0.11442895112088536, -0.20999718288182923, -0.014498312007517722
0.542, 0.10754626404752798, -0.2055970590508034, -0.010026503095736938
0.543, 0.10163749888631202, -0.20153392477351506, -0.0063715499092249495
0.544, 0.09613517090763679, -0.19781427253288175, -0.003032319990310395
0.545, 0.09074524424559627, -0.1941549344415927, 1.8834041161186477E-4
0.546, 0.08575499894821803, -0.1906666892860338, 0.003105384374798792
0.547, 0.08091411290791939, -0.18730013321111105, 0.005901606639306056
0.548, 0.07610025243717189, -0.18397386889911704, 0.008578489631354547
0.549, 0.07147130224810638, -0.18078265827227202, 0.011047780970635745
0.55, 0.06672607245713635, -0.17760178064281806, 0.013494982650094745
0.551, 0.061979988722548285, -0.1745618879171511, 0.015776894583013235
0.552, 0.05762910622569706, -0.17164906967210758, 0.01784164528461263
0.553, 0.05362273091872538, -0.1687980341502291, 0.019737744281429048
0.554, 0.049744085897778234, -0.16594487940876324, 0.02152013822633636
0.555, 0.045958846128336006, -0.1631968553543297, 0.023219047153560712
0.556, 0.04219603212176537, -0.16037786748449978, 0.024930171811114565
0.557, 0.03855227776773518, -0.1575906684397319, 0.02650376150558076
0.558, 0.03510064916628863, -0.15478778065808374, 0.027995674365052015
0.559, 0.03166656483300301, -0.15206888593422097, 0.029471587524675602
0.56, 0.028161480695366947, -0.1492884189753605, 0.03094806068525502
0.561, 0.024487007274487382, -0.14626623922680526, 0.032450202084803426
0.562, 0.02091715133872185, -0.1432840709698633, 0.03388400003073189
0.563, 0.01729534433020774, -0.14027492700875488, 0.0352818461993043
0.564, 0.013773059907535412, -0.13726640079300356, 0.03661705041564334
0.565, 0.010378546685977597, -0.13426294988208642, 0.03793333725906267
0.566, 0.006992428319961164, -0.1311162881247876, 0.03927539554230508
0.567, 0.003685691703751104, -0.12781241651313824, 0.04059179132426083
0.568, 6.052663989422058E-4, -0.1244528462795893, 0.041853708489519637
0.569, -0.0023009815554573265, -0.12109679945938812, 0.043164191956599485
0.57, -0.005106948660170474, -0.1174309303083243, 0.044555498962836726
0.571, -0.007940000512768108, -0.11363187952353915, 0.045997600908628034
0.572, -0.01081126827684642, -0.10956733605266411, 0.04753400067592439
0.573, -0.013294887503263908, -0.10507931525101899, 0.04921350731500285
0.574, -0.01576702584320344, -0.10077545681577593, 0.050733210808517004
0.575, -0.01803334092592479, -0.09623923461612183, 0.05219561034444142
0.576, -0.020144494924778655, -0.09149377132445924, 0.05359299306147891
0.577, -0.022193343196924786, -0.08695475614400383, 0.054831678547529794
0.578, -0.02412439556261603, -0.08255804933053756, 0.05598487351996129
0.579, -0.025610837712186196, -0.07840110216631135, 0.057029980938125835
0.58, -0.026790589317194247, -0.07476547398475564, 0.05794016540398461
0.581, -0.027672515378846185, -0.07152002265895252, 0.058859166551635145
0.582, -0.028189396915578868, -0.0685556753298977, 0.05970305728544689
0.583, -0.028510707566994142, -0.06574887935673335, 0.06051997084402716
0.584, -0.028658973459130266, -0.06309682733244504, 0.061294555983217425
0.585, -0.028668242223233165, -0.06048222652913271, 0.06203739573276623
0.586, -0.028553961666304417, -0.058265120215907906, 0.0627394323756012
0.587, -0.028271096135661367, -0.056450652357889375, 0.06337328463411795
0.588, -0.027838659375618136, -0.0547692296117015, 0.06399090454380074
0.589, -0.027262223911087347, -0.05332269893070052, 0.06458133855899506
0.59, -0.026358864204553356, -0.05214908570688781, 0.0650961505911245
0.591, -0.025541860221011348, -0.05131958193904129, 0.06560767918977506
0.592, -0.02442223253077458, -0.05076338359699495, 0.0660446779780206
0.593, -0.023365217754822254, -0.05046129444107894, 0.06645152122863651
0.594, -0.02221790692396297, -0.05035873017502812, 0.06682464139800759
0.595, -0.020969220404317923, -0.050433336062099876, 0.06716132219308024
0.596, -0.01963909729118285, -0.05070602156352866, 0.06745782086783025
0.597, -0.018225975473676215, -0.05115431644849, 0.0677191706183824
0.598, -0.016728834625254763, -0.0517595754045681, 0.06794336714150306
0.599, -0.015159968425948023, -0.052503809890525055, 0.06813093278262317
0.6, -0.013515656450451274, -0.05338999915611087, 0.06828405284539274
0.601, -0.011807119927226495, -0.0544342693621056, 0.06840060504476542
0.602, -0.010080952938842813, -0.055592381618951414, 0.06847540459436674
0.603, -0.008305000040607524, -0.05700601973028174, 0.06849854704958647
0.604, -0.006528869900570555, -0.05864601138567682, 0.06847328588084922
0.605, -0.0047263255400480375, -0.06028734179909723, 0.06840116400915308
0.606, -0.0028982437354372337, -0.06185171991391858, 0.0682934851874184
0.607, -0.0010408572465081534, -0.06350338444845338, 0.06813615509099735
0.608, 8.167120714475118E-4, -0.06526473124466126, 0.06795061407847003
0.609, 0.002753634495277879, -0.06702538015400084, 0.06773336882467662
0.61, 0.004595276257056469, -0.06880472304897811, 0.06750284115833738
0.611, 0.006625306436873757, -0.07056137969373655, 0.06719393478492508
0.612, 0.00851645807295398, -0.07234830687612348, 0.06685239719857394
0.613, 0.010244827470309303, -0.0741109409006322, 0.0665098914110307
0.614, 0.011974915316834256, -0.07594561413977718, 0.06615017619910946
0.615, 0.013809089485484094, -0.07767892882820693, 0.06572217802952496
0.616, 0.015568495832653184, -0.0794331083585087, 0.06527817094715305
0.617, 0.017367790922172333, -0.0811493310596143, 0.06475129304505645
0.618, 0.01900567136233633, -0.08291393804034275, 0.06420180456351732
0.619, 0.020599530354729723, -0.08466300824266515, 0.06362663689841286
0.62, 0.022129559218001305, -0.08646458695320636, 0.06301611371314708
0.621, 0.02367949375658185, -0.08791820084872715, 0.06234935310413947
0.622, 0.02512300519970978, -0.08940701968308051, 0.06165015355772896
0.623, 0.026612828407131417, -0.09086546179973087, 0.06090168321851097
0.624, 0.028203226551106297, -0.09250423022253162, 0.060048127402858587
0.625, 0.029690562361629702, -0.09416601203783959, 0.059197239049993744
0.626, 0.03117096501394201, -0.09574919043787222, 0.05828309312271829
0.627, 0.03257329464407377, -0.09735960180010128, 0.057336824163528366
0.628, 0.03392089314887414, -0.09893532355003831, 0.05635953809257943
0.629, 0.03519112798883128, -0.10036995765445145, 0.055357240910098415
0.63, 0.0364001823863731, -0.10181437862552745, 0.054297220613037656
0.631, 0.03754237994692744, -0.10327676196270463, 0.05318447636781842
0.632, 0.03865196026507789, -0.1047399230102295, 0.052056468415003554
0.633, 0.03969454910552628, -0.10630124907626115, 0.05082801600944764
0.634, 0.04070899006339346, -0.10798057670263805, 0.049521756552338037
0.635, 0.041684731576360434, -0.10977986010080887, 0.048134454881080035
0.636, 0.042683552365431865, -0.11167919738261478, 0.04671551367145854
0.637, 0.04365549365534349, -0.11361411381145192, 0.04521157814139132
0.638, 0.04465424161407583, -0.11553264921273954, 0.043672565693328114
0.639, 0.0455205445504987, -0.11743982058773472, 0.04212593722082447
0.64, 0.04644378280719508, -0.11945941073973732, 0.04055284429196648
0.641, 0.04732197110862302, -0.12141252665637214, 0.038995866990717776
0.642, 0.04811617464427087, -0.12329394064388399, 0.03748467405240108
0.643, 0.04894384525832152, -0.1249677976242447, 0.03596879575955869
0.644, 0.0495087827036329, -0.12649066077487792, 0.03457873580664783
0.645, 0.05011423679364668, -0.1279621940557556, 0.03315464407946722
0.646, 0.050677525241418664, -0.12938541513732904, 0.031742561519302104
0.647, 0.05122771822561134, -0.13072793144982686, 0.030347925497587358
0.648, 0.051721650839390065, -0.13197040502622404, 0.02900029748714461
0.649, 0.052213980748504696, -0.1331579588902807, 0.027628260845887542
0.65, 0.052656569545192156, -0.13424392898925053, 0.026278127877880753
0.651, 0.05306235201660314, -0.13524887131612306, 0.024929584316503384
0.652, 0.05341176378240675, -0.13617535715139528, 0.023619185573956702
0.653, 0.05376441429567791, -0.13705820934289736, 0.022303815458557086
0.654, 0.054086281246434, -0.13788620822905617, 0.02101369985782542
0.655, 0.05437896610315818, -0.13854394828656158, 0.019753441516976
0.656, 0.054645693160857434, -0.13907432204241932, 0.01855303865036051
0.657, 0.05491843595892476, -0.13945527295460014, 0.017386426807782573
0.658, 0.05523661007505609, -0.13973853523958812, 0.01622842304080807
0.659, 0.0555409955387276, -0.13993489399905545, 0.015092309194969733
0.66, 0.055912693432993876, -0.14010867896316714, 0.01392179036175678
0.661, 0.05626204149951519, -0.1401347240753461, 0.012839225728406678
0.662, 0.05666011829628559, -0.14013214764041582, 0.01172934369046219
0.663, 0.05711762942009102, -0.14001939129394092, 0.010653630199307873
0.664, 0.057593519769810086, -0.13984331073641076, 0.009583431632265604
0.665, 0.05810992479072041, -0.13958959627288525, 0.008545156951776267
0.666, 0.058685149579623896, -0.13928867532769917, 0.007544458717838598
0.667, 0.05934289182008001, -0.13890089699553787, 0.006591575225642021
0.668, 0.06010326663607657, -0.13836005518051397, 0.0056730280904564445
0.669, 0.060969085732864414, -0.13767523268046578, 0.004766186023559715
0.67, 0.06162538541264695, -0.13697412257109054, 0.003991816222424394
0.671, 0.061934138829649044, -0.13621180821127243, 0.003348555383141605
0.672, 0.06187826652030992, -0.13534042045732608, 0.002855263689987897
0.673, 0.06163504338881154, -0.1343239779334704, 0.002468019572056779
0.674, 0.06121724761656111, -0.1332284542453488, 0.002170391819945383
0.675, 0.06063635646589205, -0.13206921284695827, 0.0019595077571996633
0.676, 0.059983370249000245, -0.13085564687889306, 0.0017870848690368923
0.677, 0.05935977102824097, -0.12982574753601117, 0.0016216396073009953
0.678, 0.058820323971808364, -0.1290694536726571, 0.00143486863647313
0.679, 0.05838829615462515, -0.12859655481427357, 0.0012023706356960595
0.68, 0.058047500918604555, -0.12839418760528165, 9.225278673885562E-4
0.681, 0.05776791784351332, -0.1284338182544298, 5.94147470494466E-4
0.682, 0.05754418853445031, -0.1286654098029425, 2.2149890987366305E-4
0.683, 0.0573429827169889, -0.12906444119993754, -1.954675938757866E-4
0.684, 0.05720092287771905, -0.12956305930953338, -6.43125324763627E-4
0.685, 0.05707692420691757, -0.1301454593902216, -0.001133290602602255
0.686, 0.05687626137150659, -0.1308177785985345, -0.001624616391722622
0.687, 0.05666580711024238, -0.1315213845083827, -0.0021293847430352564
0.688, 0.056554636523507895, -0.13220115138593602, -0.0026658363679952224
0.689, 0.05649226437310517, -0.13299196577195094, -0.003183596197785743
0.69, 0.0565557984698799, -0.13392660596477501, -0.0037629222330433088
0.691, 0.056757704821770005, -0.1350474111470641, -0.004365783471100837
0.692, 0.05702646117941157, -0.13634768918953544, -0.005007125545631208
0.693, 0.057405434340545014, -0.1377756204173659, -0.005682393568491317
0.694, 0.057925179568584895, -0.13928348372052657, -0.006425092451763259
0.695, 0.05853038564699631, -0.1408748768117869, -0.007207251653496893
0.696, 0.059234149941104874, -0.14249123190741475, -0.008024212814184306
0.697, 0.06002902825090217, -0.14411822950416653, -0.008880864027744462
0.698, 0.06089585749168691, -0.14575923849705763, -0.009889058236296489
0.699, 0.06181750370111416, -0.1474203742617073, -0.010884638749864006
0.7, 0.06282740589296054, -0.14894902377204122, -0.01197812201386439
